Orens Parfums,Serr d'Eden HAIR MIST,https://www.parfumo.com/Perfumes/Orens_Parfums/serr-d-eden-hair-mist
Orens Parfums,Sabil Nocturne BODY MIST,https://www.parfumo.com/Perfumes/Orens_Parfums/sabil-nocturne-body-mist
Orens Parfums,Silenda d'Ecume BODY MIST,https://www.parfumo.com/Perfumes/Orens_Parfums/silenda-d-ecume-body-mist
Orens Parfums,Moiré de Kalha BODY MIST,https://www.parfumo.com/Perfumes/Orens_Parfums/moire-de-kalha-body-mist
Orens Parfums,Callis Subtile BODY MIST,https://www.parfumo.com/Perfumes/Orens_Parfums/callis-subtile-body-mist
Orens Parfums,Silenda d'Ecume HAIR MIST,https://www.parfumo.com/Perfumes/Orens_Parfums/silenda-d-ecume-hair-mist
Orens Parfums,Moiré de Kalha HAIR MIST,https://www.parfumo.com/Perfumes/Orens_Parfums/moire-de-kalha-hair-mist
Orens Parfums,Callis Subtile HAIR MIST,https://www.parfumo.com/Perfumes/Orens_Parfums/callis-subtile-hair-mist
Oresnd,Absalon PERFUME OIL,https://www.parfumo.com/Perfumes/Oresnd/absalon-perfume-oil
Oresnd,Absalon SOLID COLOGNE,https://www.parfumo.com/Perfumes/Oresnd/Absalon_Solid_Cologne
Oresnd,Bergman SOLID COLOGNE,https://www.parfumo.com/Perfumes/Oresnd/Bergman_Solid_Cologne
Oresnd,Esbjörn SOLID COLOGNE,https://www.parfumo.com/Perfumes/Oresnd/Esbjoern_Solid_Cologne
Oresnd,Esbjörn PERFUME OIL,https://www.parfumo.com/Perfumes/Oresnd/Esbjoern
Oresnd,Bergman PERFUME OIL,https://www.parfumo.com/Perfumes/Oresnd/Bergman
Orette,La Pepé,https://www.parfumo.com/Perfumes/Orette/La_Pepe
Orette,Czarmé No 5,https://www.parfumo.com/Perfumes/Orette/Czarme_No_5
Organ Tale,Fleur de Bonbon,https://www.parfumo.com/Perfumes/organ-tale/fleur-de-bonbon
Organ Tale,Printemps,https://www.parfumo.com/Perfumes/organ-tale/printemps
Organ Tale,Devenir,https://www.parfumo.com/Perfumes/organ-tale/devenir
Organic Angie,Citrus Mint,https://www.parfumo.com/Perfumes/Organic_Angie/Citrus_Mint
Organic Angie,Fleur de Chocolat,https://www.parfumo.com/Perfumes/Organic_Angie/Fleur_de_Chocolat
Organic Angie,Neroli,https://www.parfumo.com/Perfumes/Organic_Angie/Neroli
Organic Angie,Sweet Orange Chai,https://www.parfumo.com/Perfumes/Organic_Angie/Sweet_Orange_Chai
Organic Angie,Lavender Vanilla,https://www.parfumo.com/Perfumes/Organic_Angie/Lavender_Vanilla
Organic Angie,Cocoa Rose,https://www.parfumo.com/Perfumes/Organic_Angie/Cocoa_Rose
Organic Angie,Red Tent,https://www.parfumo.com/Perfumes/Organic_Angie/Red_Tent
Organic Australia,Black Opal,https://www.parfumo.com/Perfumes/organic-australia/black-opal
Organic Australia,Bathurst,https://www.parfumo.com/Perfumes/organic-australia/bathurst
Organic Australia,Blue Girl,https://www.parfumo.com/Perfumes/organic-australia/blue-girl
